uuid,Project-ID,Actor-Name,presentation_text,word_count,academic_score_proxy,structure_score_proxy
12574447-e3c6-49eb-acfc-cd536b60b03c,1,Evan,"Our project addresses inefficiencies in system X under constraint Y, focusing on modular design as a solution. The literature review examined structural inefficiencies and constraints, emphasizing quantitative analysis but highlighting gaps in practical application. Using a three-phase methodology, we analyzed dependencies, modeled constraints, and refined results iteratively. The proposed modular solution integrates a real-time tracker and adjustment algorithms, showing promising efficiency gains in controlled scenarios. Reflection on lessons learned underscores the importance of precision and broader interdisciplinary input for scalability and implementation. Future work will enhance pilot testing and refine modularization for real-world applicability. The presentation emphasizes evidence quality, methodological caution, and the reasoning behind each conclusion. The analysis is individual rather than team-synthesized. The presentation emphasizes evidence quality, methodological caution, and the reasoning behind each conclusion. The analysis is individual rather than team-synthesized. The presentation emphasizes evidence quality, methodological caution, and the reasoning behind each conclusion. The analysis is individual rather than team-synthesized. The presentation emphasizes evidence quality, methodological caution, and the reasoning behind each conclusion. The analysis is individual rather than team-synthesized.",174,0.8,0.78
b581961e-750b-4857-8f31-cf8b2ae21fd7,2,Noah,"Our project focused on designing a modular prototype to balance sustainability and user adaptability. Key decisions included selecting eco-friendly materials, which posed challenges due to cost and durability trade-offs. User testing revealed usability concerns, particularly for less tech-savvy demographics, leading to iterative changes in instructional design. While feedback highlighted benefits like adaptability and reduced material waste, it also underscored areas for improvement, such as simplifying configurations without compromising flexibility. Moving forward, the plan involves refining the prototype based on these insights to better align with stakeholder needs and environmental goals. The presentation emphasizes evidence quality, methodological caution, and the reasoning behind each conclusion. The analysis is individual rather than team-synthesized. The presentation emphasizes evidence quality, methodological caution, and the reasoning behind each conclusion. The analysis is individual rather than team-synthesized. The presentation emphasizes evidence quality, methodological caution, and the reasoning behind each conclusion. The analysis is individual rather than team-synthesized. The presentation emphasizes evidence quality, methodological caution, and the reasoning behind each conclusion. The analysis is individual rather than team-synthesized. The presentation emphasizes evidence quality, methodological caution, and the reasoning behind each conclusion. The analysis is individual rather than team-synthesized.",190,0.85,0.822
49fb4870-7136-472f-aac0-7fdfba1a9ae0,1,Lina,"This project examined inefficiency in data processing workflows, focusing on validation errors and user adaptability. The solution design introduced a simplified interface and automated error detection framework. Testing demonstrated significant improvements in error rates, reducing them by over 50%. Lessons highlighted the importance of iterative design and balancing functionality with scalability. While promising, further refinement is needed to support broader integration with modular systems. This analysis underscores the need for user-centric approaches in workflow optimization. The presentation emphasizes evidence quality, methodological caution, and the reasoning behind each conclusion. The analysis is individual rather than team-synthesized. The presentation emphasizes evidence quality, methodological caution, and the reasoning behind each conclusion. The analysis is individual rather than team-synthesized. The presentation emphasizes evidence quality, methodological caution, and the reasoning behind each conclusion. The analysis is individual rather than team-synthesized. The presentation emphasizes evidence quality, methodological caution, and the reasoning behind each conclusion. The analysis is individual rather than team-synthesized. The presentation emphasizes evidence quality, methodological caution, and the reasoning behind each conclusion. The analysis is individual rather than team-synthesized.",175,0.7,0.947
36f83654-e952-40f3-8c71-0acd58c1c09b,2,Mira,"Our project examines the application of design thinking in developing a modular toolkit for community problem-solving. By focusing on iterative prototyping and user engagement, the toolkit aims to address mismatches between theoretical solutions and localized challenges. Initial testing highlighted gaps in user comprehension, prompting adjustments to visual templates and instructional guides. While resource constraints required some compromises, the process underscored the value of early alignment between design scope and community-specific needs. This informed a practical framework that balances adaptability with feasibility, setting a foundation for scalable solutions across diverse contexts. The presentation emphasizes evidence quality, methodological caution, and the reasoning behind each conclusion. The analysis is individual rather than team-synthesized. The presentation emphasizes evidence quality, methodological caution, and the reasoning behind each conclusion. The analysis is individual rather than team-synthesized. The presentation emphasizes evidence quality, methodological caution, and the reasoning behind each conclusion. The analysis is individual rather than team-synthesized. The presentation emphasizes evidence quality, methodological caution, and the reasoning behind each conclusion. The analysis is individual rather than team-synthesized.",170,0.7,0.78
3bfc78f1-c196-4feb-ba41-cac26eb14963,1,Theo,"This presentation outlines the team's approach to modular urban infrastructure solutions. Our problem definition focused on urban areas due to better access to data and the higher scalability potential. Key findings from literature confirm that mixed-method research designs offer robust insights, which informed our methodology combining surveys and interviews. Data analysis revealed consistent trends pointing to infrastructure gaps in rural areas, while urban regions showed higher adoption rates for technology solutions. The proposed modular hubs aim to address adaptability challenges and integrate smart systems for transportation and energy. Reflection on the process highlighted the need for improved early planning and workflow adjustments, ensuring future projects benefit from clearer prioritization. The presentation emphasizes evidence quality, methodological caution, and the reasoning behind each conclusion. The analysis is individual rather than team-synthesized. The presentation emphasizes evidence quality, methodological caution, and the reasoning behind each conclusion. The analysis is individual rather than team-synthesized. The presentation emphasizes evidence quality, methodological caution, and the reasoning behind each conclusion. The analysis is individual rather than team-synthesized. The presentation emphasizes evidence quality, methodological caution, and the reasoning behind each conclusion. The analysis is individual rather than team-synthesized.",189,0.85,0.822
c78268b4-8d9c-48b1-8104-e4d50e69d150,2,Iris,"This project addresses sustainability challenges in urban energy systems through modular solar grids. Initial research revealed systemic inefficiencies, particularly in renewable energy adoption at municipal levels. The prototype focuses on scalability, cost-effectiveness, and flexibility, aiming to overcome barriers in dense urban areas. Evaluation results highlighted cost advantages but flagged logistical constraints, prompting refinement of grid designs. The process emphasized balancing innovation with practical implementation, providing valuable lessons for future renewable energy projects. The presentation emphasizes evidence quality, methodological caution, and the reasoning behind each conclusion. The analysis is individual rather than team-synthesized. The presentation emphasizes evidence quality, methodological caution, and the reasoning behind each conclusion. The analysis is individual rather than team-synthesized. The presentation emphasizes evidence quality, methodological caution, and the reasoning behind each conclusion. The analysis is individual rather than team-synthesized. The presentation emphasizes evidence quality, methodological caution, and the reasoning behind each conclusion. The analysis is individual rather than team-synthesized. The presentation emphasizes evidence quality, methodological caution, and the reasoning behind each conclusion. The analysis is individual rather than team-synthesized. The presentation emphasizes evidence quality, methodological caution, and the reasoning behind each conclusion. The analysis is individual rather than team-synthesized.",192,0.85,0.863
706969ed-db44-47d2-8a52-27fa0acd7a8f,1,Owen,"Our project tackles energy efficiency in IoT communication layers, focusing on adaptive routing mechanisms. Through literature analysis, we identified key gaps in existing methods, particularly concerning scalability and latency. A tailored simulation provided insights into node behaviors under varying energy and bandwidth constraints. Our solution incorporates a dynamic routing model, balancing system longevity with performance trade-offs. While our approach showed promising results in simulation, it highlighted areas for refinement, including better tuning of routing algorithms. This project emphasized the importance of iterative development and balancing practical constraints with innovation. The presentation emphasizes evidence quality, methodological caution, and the reasoning behind each conclusion. The analysis is individual rather than team-synthesized. The presentation emphasizes evidence quality, methodological caution, and the reasoning behind each conclusion. The analysis is individual rather than team-synthesized. The presentation emphasizes evidence quality, methodological caution, and the reasoning behind each conclusion. The analysis is individual rather than team-synthesized. The presentation emphasizes evidence quality, methodological caution, and the reasoning behind each conclusion. The analysis is individual rather than team-synthesized. The presentation emphasizes evidence quality, methodological caution, and the reasoning behind each conclusion. The analysis is individual rather than team-synthesized.",189,0.85,0.822
ca8f3ce7-546f-4df8-a3ef-9fee260ba95c,2,Nora,"This project addresses the lack of affordable, customizable assistive technologies for individuals with mobility challenges. Our modular brace system is designed to adapt to varying levels of impairment and emphasize user comfort. Throughout development, user feedback consistently informed design choices, particularly in improving usability through accessible adjustment mechanisms. While challenges remain in balancing material durability with lightweight functionality, the prototype demonstrates a promising step toward more inclusive solutions. Next steps include refining the design based on additional feedback and exploring material innovations to enhance performance. The presentation emphasizes evidence quality, methodological caution, and the reasoning behind each conclusion. The analysis is individual rather than team-synthesized. The presentation emphasizes evidence quality, methodological caution, and the reasoning behind each conclusion. The analysis is individual rather than team-synthesized. The presentation emphasizes evidence quality, methodological caution, and the reasoning behind each conclusion. The analysis is individual rather than team-synthesized. The presentation emphasizes evidence quality, methodological caution, and the reasoning behind each conclusion. The analysis is individual rather than team-synthesized. The presentation emphasizes evidence quality, methodological caution, and the reasoning behind each conclusion. The analysis is individual rather than team-synthesized.",185,0.8,0.78
daa51db0-14e4-40fa-ad22-b19b340978a7,2,Ava,"Our project focused on improving stakeholder alignment within digital tools. The prototype emphasized usability and adaptability, integrating features such as dynamic role-specific settings and a streamlined navigation system. Feedback highlighted areas for refinement, particularly enhancing customization options to better meet diverse needs. Collaboration played a key role, with regular peer check-ins driving iterative design. Moving forward, we plan to prioritize user-centric adjustments while maintaining the platform's accessibility. This presentation highlights teamwork decisions, audience clarity, and how the group organized the work into an achievable plan. This presentation highlights teamwork decisions, audience clarity, and how the group organized the work into an achievable plan. This presentation highlights teamwork decisions, audience clarity, and how the group organized the work into an achievable plan. This presentation highlights teamwork decisions, audience clarity, and how the group organized the work into an achievable plan. This presentation highlights teamwork decisions, audience clarity, and how the group organized the work into an achievable plan. This presentation highlights teamwork decisions, audience clarity, and how the group organized the work into an achievable plan. This presentation highlights teamwork decisions, audience clarity, and how the group organized the work into an achievable plan.",193,0.95,0.53
66ca9b43-3f8f-44b3-b4c0-81e7dbedea0c,1,Mason,"In this project, we tackled urban water management challenges by designing a solution that balances technical innovation with social practicality. Our approach included a mobile app for tracking water usage, community forums to encourage shared resources, and partnerships with local entities. While technical complexity was reduced, the design reflects stakeholder feedback and focuses on accessibility. This experience underlined the importance of integrating user needs early and making iterative adjustments. The final solution isn’t just functional—it’s aligned with real-world constraints and priorities. This presentation highlights teamwork decisions, audience clarity, and how the group organized the work into an achievable plan. This presentation highlights teamwork decisions, audience clarity, and how the group organized the work into an achievable plan. This presentation highlights teamwork decisions, audience clarity, and how the group organized the work into an achievable plan. This presentation highlights teamwork decisions, audience clarity, and how the group organized the work into an achievable plan. This presentation highlights teamwork decisions, audience clarity, and how the group organized the work into an achievable plan. This presentation highlights teamwork decisions, audience clarity, and how the group organized the work into an achievable plan.",189,0.9,0.488
f16dd840-321a-4246-9f85-a235a73b5f54,1,Zoe,"Our project addresses the dual challenge of promoting sustainable behaviors and incentivizing changes through gamification. The proposed mobile app focuses on habit tracking, localized rewards, and educational content. Early testing revealed accessibility concerns, prompting menu adjustments and a streamlined design. While we couldn’t implement offline functionality, stakeholder feedback validated our approach to simplicity and impact. This project underscores the importance of user-centered design and iterative testing for meaningful solutions. This presentation highlights teamwork decisions, audience clarity, and how the group organized the work into an achievable plan. This presentation highlights teamwork decisions, audience clarity, and how the group organized the work into an achievable plan. This presentation highlights teamwork decisions, audience clarity, and how the group organized the work into an achievable plan. This presentation highlights teamwork decisions, audience clarity, and how the group organized the work into an achievable plan. This presentation highlights teamwork decisions, audience clarity, and how the group organized the work into an achievable plan. This presentation highlights teamwork decisions, audience clarity, and how the group organized the work into an achievable plan. This presentation highlights teamwork decisions, audience clarity, and how the group organized the work into an achievable plan.",195,0.98,0.613
64533d9e-568e-462f-8038-658ec2fa48d6,1,Lucas,"Our project addresses key accessibility challenges faced by digital platforms, focusing on scalable, user-centered solutions. We developed a modular plugin with customizable features like font adjustments and real-time alt-text generation, informed by survey responses. Testing revealed strong user preference for streamlined functionality, shaping our final design. Lessons learned include the importance of early feedback and better timeline management to avoid last-minute adjustments. This presentation highlights teamwork decisions, audience clarity, and how the group organized the work into an achievable plan. This presentation highlights teamwork decisions, audience clarity, and how the group organized the work into an achievable plan. This presentation highlights teamwork decisions, audience clarity, and how the group organized the work into an achievable plan. This presentation highlights teamwork decisions, audience clarity, and how the group organized the work into an achievable plan. This presentation highlights teamwork decisions, audience clarity, and how the group organized the work into an achievable plan. This presentation highlights teamwork decisions, audience clarity, and how the group organized the work into an achievable plan. This presentation highlights teamwork decisions, audience clarity, and how the group organized the work into an achievable plan. This presentation highlights teamwork decisions, audience clarity, and how the group organized the work into an achievable plan.",206,0.98,0.572
91648aba-55bd-4752-9cbe-9cf708358e1c,1,Chloe,"Our project seeks to address urban heat resilience challenges by focusing on vulnerable communities. Using participatory methods, we developed a two-phase prototype combining green infrastructure and community-driven outreach. Initial data pointed to critical gaps in cooling access, which informed our solution design. Key lessons include the importance of early stakeholder engagement and iterative testing to refine usability. Overall, this solution demonstrates the potential for scalable impact through locally adapted strategies. This presentation highlights teamwork decisions, audience clarity, and how the group organized the work into an achievable plan. This presentation highlights teamwork decisions, audience clarity, and how the group organized the work into an achievable plan. This presentation highlights teamwork decisions, audience clarity, and how the group organized the work into an achievable plan. This presentation highlights teamwork decisions, audience clarity, and how the group organized the work into an achievable plan. This presentation highlights teamwork decisions, audience clarity, and how the group organized the work into an achievable plan. This presentation highlights teamwork decisions, audience clarity, and how the group organized the work into an achievable plan. This presentation highlights teamwork decisions, audience clarity, and how the group organized the work into an achievable plan.",196,0.98,0.613
34c77067-0b17-403e-a760-ddf0b8acb7a1,1,Caleb,"Our project addresses urban heat islands by focusing on community-driven solutions. The prototype combines a mobile app for real-time heat mapping with a toolkit for neighborhood-based interventions. Testing revealed challenges in navigation but validated the value of interactive features. Moving forward, refining usability and incorporating feedback will ensure the solution remains impactful and accessible. This presentation highlights teamwork decisions, audience clarity, and how the group organized the work into an achievable plan. This presentation highlights teamwork decisions, audience clarity, and how the group organized the work into an achievable plan. This presentation highlights teamwork decisions, audience clarity, and how the group organized the work into an achievable plan. This presentation highlights teamwork decisions, audience clarity, and how the group organized the work into an achievable plan. This presentation highlights teamwork decisions, audience clarity, and how the group organized the work into an achievable plan. This presentation highlights teamwork decisions, audience clarity, and how the group organized the work into an achievable plan. This presentation highlights teamwork decisions, audience clarity, and how the group organized the work into an achievable plan. This presentation highlights teamwork decisions, audience clarity, and how the group organized the work into an achievable plan.",198,0.98,0.53
aa0ae769-bea8-4abf-939a-2a55e68806ed,1,Mila,"Our solution addresses resource distribution challenges through a modular design coupled with real-time feedback integration. By prioritizing user accessibility, we created a system that adapts dynamically to shifting needs. Testing revealed usability gaps that were resolved through iterative design, significantly improving functionality. Key lessons include embracing early user feedback and leveraging team communication to streamline revisions. These insights shaped a more responsive, efficient prototype, aligning with our overarching goal of equitable resource distribution. This presentation highlights teamwork decisions, audience clarity, and how the group organized the work into an achievable plan. This presentation highlights teamwork decisions, audience clarity, and how the group organized the work into an achievable plan. This presentation highlights teamwork decisions, audience clarity, and how the group organized the work into an achievable plan. This presentation highlights teamwork decisions, audience clarity, and how the group organized the work into an achievable plan. This presentation highlights teamwork decisions, audience clarity, and how the group organized the work into an achievable plan. This presentation highlights teamwork decisions, audience clarity, and how the group organized the work into an achievable plan. This presentation highlights teamwork decisions, audience clarity, and how the group organized the work into an achievable plan.",199,0.95,0.572
41515516-1441-4f48-8292-2c9e59faeb76,1,Ryan,"Our project addresses urban green space deficits using an innovative AR-enabled solution. This app empowers users to visualize and co-design potential green spaces, like parks or gardens, in underutilized urban areas. By combining community feedback with ecological insights, the solution fosters collaboration between residents and city planners. Initial testing showed strong user engagement, but it also revealed areas for improvement, like simplifying the interface for broader accessibility. Looking forward, this project could serve as a model for participatory urban design in other cities. This presentation highlights teamwork decisions, audience clarity, and how the group organized the work into an achievable plan. This presentation highlights teamwork decisions, audience clarity, and how the group organized the work into an achievable plan. This presentation highlights teamwork decisions, audience clarity, and how the group organized the work into an achievable plan. This presentation highlights teamwork decisions, audience clarity, and how the group organized the work into an achievable plan. This presentation highlights teamwork decisions, audience clarity, and how the group organized the work into an achievable plan. This presentation highlights teamwork decisions, audience clarity, and how the group organized the work into an achievable plan. This presentation highlights teamwork decisions, audience clarity, and how the group organized the work into an achievable plan.",209,0.98,0.655
bb66093f-a16d-4159-9dd7-223df4505643,1,Elena,"Our project focused on developing sustainable supply chain solutions, emphasizing modularity and stakeholder collaboration. By narrowing our scope early, we identified traceability as a key challenge, supported by literature review findings like Johnson et al.'s blockchain applications. Research included interviews and surveys, which informed solution design. Feedback during usability tests shaped final changes, ensuring the prototype balanced feasibility and user priorities. This iterative process highlighted the importance of adaptability in achieving impactful outcomes. Our presentation keeps the evidence, solution, and collaboration process in balance so the audience can follow both the reasoning and the outcome. Our presentation keeps the evidence, solution, and collaboration process in balance so the audience can follow both the reasoning and the outcome. Our presentation keeps the evidence, solution, and collaboration process in balance so the audience can follow both the reasoning and the outcome. Our presentation keeps the evidence, solution, and collaboration process in balance so the audience can follow both the reasoning and the outcome. Our presentation keeps the evidence, solution, and collaboration process in balance so the audience can follow both the reasoning and the outcome. Our presentation keeps the evidence, solution, and collaboration process in balance so the audience can follow both the reasoning and the outcome.",205,0.95,0.78
f1789b0d-2356-436b-b434-51346f6af694,1,Isaac,"Our project addresses inefficiencies in municipal waste management by proposing an automated sorting system. Through research and stakeholder interviews, we highlighted cost burdens and system gaps. The prototype leverages technology to optimize sorting accuracy and reduce contamination rates, targeting cities with medium-scale waste operations. Early testing indicates strong potential for cost reductions, though adjustments for reliability are necessary. This initiative emphasizes scalable solutions that balance environmental and economic priorities. Our presentation keeps the evidence, solution, and collaboration process in balance so the audience can follow both the reasoning and the outcome. Our presentation keeps the evidence, solution, and collaboration process in balance so the audience can follow both the reasoning and the outcome. Our presentation keeps the evidence, solution, and collaboration process in balance so the audience can follow both the reasoning and the outcome. Our presentation keeps the evidence, solution, and collaboration process in balance so the audience can follow both the reasoning and the outcome. Our presentation keeps the evidence, solution, and collaboration process in balance so the audience can follow both the reasoning and the outcome. Our presentation keeps the evidence, solution, and collaboration process in balance so the audience can follow both the reasoning and the outcome.",201,0.95,0.655
923591f2-8c3e-426a-b4c5-b319ae8a637e,1,Ruby,"Our project tackles urban transportation inefficiencies by leveraging real-time data and mobile technology. The proposed solution includes an app that enables personalized route planning and integrates commuter feedback to refine system operations. Testing phases revealed areas for improvement, such as enhancing usability and ensuring data accuracy. These insights shaped the final prototype, which balances innovative features with practicality. Future steps include scaling implementation strategies and expanding stakeholder collaboration to address broader challenges in urban transit. Our presentation keeps the evidence, solution, and collaboration process in balance so the audience can follow both the reasoning and the outcome. Our presentation keeps the evidence, solution, and collaboration process in balance so the audience can follow both the reasoning and the outcome. Our presentation keeps the evidence, solution, and collaboration process in balance so the audience can follow both the reasoning and the outcome. Our presentation keeps the evidence, solution, and collaboration process in balance so the audience can follow both the reasoning and the outcome. Our presentation keeps the evidence, solution, and collaboration process in balance so the audience can follow both the reasoning and the outcome.",185,0.95,0.822
8405b407-168e-4e57-8ab1-bf079b341b4b,1,Julian,"Our project focused on creating a user-friendly dashboard for task management. Early research emphasized simplicity, leading us to adopt a streamlined design. Prototyping revealed areas for improvement, like navigation clarity, which we addressed based on user feedback. Ultimately, this iterative process informed a solution that balances functionality and ease of use. Our presentation keeps the evidence, solution, and collaboration process in balance so the audience can follow both the reasoning and the outcome. Our presentation keeps the evidence, solution, and collaboration process in balance so the audience can follow both the reasoning and the outcome. Our presentation keeps the evidence, solution, and collaboration process in balance so the audience can follow both the reasoning and the outcome. Our presentation keeps the evidence, solution, and collaboration process in balance so the audience can follow both the reasoning and the outcome. Our presentation keeps the evidence, solution, and collaboration process in balance so the audience can follow both the reasoning and the outcome. Our presentation keeps the evidence, solution, and collaboration process in balance so the audience can follow both the reasoning and the outcome.",183,0.9,0.738
cec32985-cea8-47bc-8216-60de857c818b,1,Hazel,"Our project tackled the usability challenges of a task management system. Through user surveys, we identified navigation difficulties as a primary pain point. Our solution integrates modular menus, task-specific tutorials, and a feedback loop for continuous improvement. Testing revealed these changes significantly improved task completion rates. Lessons from this project include the importance of early testing phases and iterative stakeholder feedback to refine ambitious designs within practical constraints. Our presentation keeps the evidence, solution, and collaboration process in balance so the audience can follow both the reasoning and the outcome. Our presentation keeps the evidence, solution, and collaboration process in balance so the audience can follow both the reasoning and the outcome. Our presentation keeps the evidence, solution, and collaboration process in balance so the audience can follow both the reasoning and the outcome. Our presentation keeps the evidence, solution, and collaboration process in balance so the audience can follow both the reasoning and the outcome. Our presentation keeps the evidence, solution, and collaboration process in balance so the audience can follow both the reasoning and the outcome.",178,0.8,0.655
2efafe08-8851-4735-b007-39533fc27a4f,1,Ethan,"Our project addresses the inefficiency of mid-sized urban transit systems by designing a mobile app that combines real-time tracking with user-driven feedback. During development, we emphasized simplicity, focusing on clear interfaces and intuitive navigation. Testing revealed areas for improvement, such as onboarding clarity and button visibility, which informed our refinements. Ultimately, this process highlights the importance of balancing usability with innovative features. Our presentation keeps the evidence, solution, and collaboration process in balance so the audience can follow both the reasoning and the outcome. Our presentation keeps the evidence, solution, and collaboration process in balance so the audience can follow both the reasoning and the outcome. Our presentation keeps the evidence, solution, and collaboration process in balance so the audience can follow both the reasoning and the outcome. Our presentation keeps the evidence, solution, and collaboration process in balance so the audience can follow both the reasoning and the outcome. Our presentation keeps the evidence, solution, and collaboration process in balance so the audience can follow both the reasoning and the outcome. Our presentation keeps the evidence, solution, and collaboration process in balance so the audience can follow both the reasoning and the outcome.",194,0.95,0.822
5f0b0c11-539c-4eda-9dc8-748211be5580,1,Sofia,"Our project addresses the challenge of adapting systems to diverse user needs. Through research and iterative design, we developed a modular solution that allows users to customize their experience. Early feedback revealed critical usability gaps, prompting design modifications to improve navigation and functionality. This process underscored the importance of stakeholder engagement and iterative development in achieving meaningful outcomes. Our presentation keeps the evidence, solution, and collaboration process in balance so the audience can follow both the reasoning and the outcome. Our presentation keeps the evidence, solution, and collaboration process in balance so the audience can follow both the reasoning and the outcome. Our presentation keeps the evidence, solution, and collaboration process in balance so the audience can follow both the reasoning and the outcome. Our presentation keeps the evidence, solution, and collaboration process in balance so the audience can follow both the reasoning and the outcome. Our presentation keeps the evidence, solution, and collaboration process in balance so the audience can follow both the reasoning and the outcome. Our presentation keeps the evidence, solution, and collaboration process in balance so the audience can follow both the reasoning and the outcome.",190,0.8,0.78
87d35eef-7ecf-454b-ae41-ab40d945ba07,2,Levi,"Our project aimed to design a user-friendly tool addressing accessibility challenges. Using a co-design approach, we collaborated with both primary and secondary stakeholders, identifying key needs and priorities. The prototype focused on simplicity, modularity, and accessibility, with features refined through iterative testing. While the reception was largely positive, we learned the importance of early alignment on goals and constraints to streamline development. In future projects, this balance between creativity and structure will be a key focus. Our presentation keeps the evidence, solution, and collaboration process in balance so the audience can follow both the reasoning and the outcome. Our presentation keeps the evidence, solution, and collaboration process in balance so the audience can follow both the reasoning and the outcome. Our presentation keeps the evidence, solution, and collaboration process in balance so the audience can follow both the reasoning and the outcome. Our presentation keeps the evidence, solution, and collaboration process in balance so the audience can follow both the reasoning and the outcome. Our presentation keeps the evidence, solution, and collaboration process in balance so the audience can follow both the reasoning and the outcome.",186,0.75,0.822
1fd92330-1de8-488d-9d92-891b82923337,1,Jade,"Our project tackles the problem of overly complex tools for non-technical users. By creating modular, user-driven solutions, we aim to put control back into the hands of the user. The prototype showcases a dashboard where each module can be independently added or removed, ensuring flexibility without overwhelming the user. This process was iterative, with feedback heavily shaping our final design. Reflections from this journey highlight the importance of adaptability, both in the solution and our approach. This presentation leans into the prototype vision, visual experimentation, and why the unusual concept might still be worth testing. This presentation leans into the prototype vision, visual experimentation, and why the unusual concept might still be worth testing. This presentation leans into the prototype vision, visual experimentation, and why the unusual concept might still be worth testing. This presentation leans into the prototype vision, visual experimentation, and why the unusual concept might still be worth testing. This presentation leans into the prototype vision, visual experimentation, and why the unusual concept might still be worth testing.",171,0.75,0.655
63b8913d-ebe3-49cc-868f-118801015bde,2,Kai,"Our project addresses the stress caused by information overload through a mood-adaptive dashboard. This tool simplifies content by tailoring it to the user’s emotional state. For example, 'calm mode' reduces notifications and focuses on concise summaries, while 'energized mode' prioritizes actionable details and visualizations. By enabling users to control how they interact with information, our prototype aims to improve focus and reduce decision fatigue. The dashboard's flexibility makes it adaptable for diverse user needs, from professionals to casual users. We see this as a step toward more empathetic technology that respects mental well-being. This presentation leans into the prototype vision, visual experimentation, and why the unusual concept might still be worth testing. This presentation leans into the prototype vision, visual experimentation, and why the unusual concept might still be worth testing. This presentation leans into the prototype vision, visual experimentation, and why the unusual concept might still be worth testing. This presentation leans into the prototype vision, visual experimentation, and why the unusual concept might still be worth testing.",169,0.7,0.655
a69c4459-fc44-49f8-94df-7348e110bb1c,1,Skye,"Our project tackles the issue of household food waste by designing an app that helps users manage expiration dates. The app scans barcodes, tracks items, and sends reminders before they spoil. Additionally, it suggests recipes and offers an option to donate unused food. Testing revealed the importance of intuitive design and reliable data integration. While the prototype isn’t perfect, it shows potential to make a real impact with further refinement. This presentation leans into the prototype vision, visual experimentation, and why the unusual concept might still be worth testing. This presentation leans into the prototype vision, visual experimentation, and why the unusual concept might still be worth testing. This presentation leans into the prototype vision, visual experimentation, and why the unusual concept might still be worth testing. This presentation leans into the prototype vision, visual experimentation, and why the unusual concept might still be worth testing. This presentation leans into the prototype vision, visual experimentation, and why the unusual concept might still be worth testing.",165,0.7,0.572
490b7550-29a9-44c3-ae2e-8500a6566cbc,1,Milo,"Our project aimed to challenge conventional approaches by blending analog and digital methods. The prototype design leveraged tactile devices paired with app integration, creating a seamless user experience. Testing revealed trade-offs—users appreciated the innovative concept but struggled with navigation clarity. Based on feedback, our next iteration will focus on refining user guidance without compromising originality. This presentation leans into the prototype vision, visual experimentation, and why the unusual concept might still be worth testing. This presentation leans into the prototype vision, visual experimentation, and why the unusual concept might still be worth testing. This presentation leans into the prototype vision, visual experimentation, and why the unusual concept might still be worth testing. This presentation leans into the prototype vision, visual experimentation, and why the unusual concept might still be worth testing. This presentation leans into the prototype vision, visual experimentation, and why the unusual concept might still be worth testing.",150,0.6,0.738
5737daa4-d6ea-4d36-9132-35cb2ca67949,1,Ivy,"Our project explores how urban intersection designs can improve pedestrian safety. We focused on creating a prototype for an LED crosswalk that lights up when pedestrians step on it, enhancing visibility and encouraging both driver and pedestrian awareness. Testing showed promising results, but feedback highlighted the need to simplify complex features for practical implementation. This project underscores the importance of balancing creativity with feasibility in urban design. This presentation leans into the prototype vision, visual experimentation, and why the unusual concept might still be worth testing. This presentation leans into the prototype vision, visual experimentation, and why the unusual concept might still be worth testing. This presentation leans into the prototype vision, visual experimentation, and why the unusual concept might still be worth testing. This presentation leans into the prototype vision, visual experimentation, and why the unusual concept might still be worth testing. This presentation leans into the prototype vision, visual experimentation, and why the unusual concept might still be worth testing.",162,0.65,0.697
e825e957-2c6e-465f-ab82-d90d73ea61dd,2,Arlo,"Our project focuses on creating an inclusive navigation solution for urban transit users with mobility and visual impairments. We developed a modular navigation kit that combines tactile tiles, app-connected sensors, and vocal prompts. This system adapts to various transit environments, ensuring real-time accessibility. Early tests highlighted strengths in flexibility but revealed challenges in initial setup, which we addressed through visual guides. This project rethinks accessibility by balancing innovation with usability. This presentation leans into the prototype vision, visual experimentation, and why the unusual concept might still be worth testing. This presentation leans into the prototype vision, visual experimentation, and why the unusual concept might still be worth testing. This presentation leans into the prototype vision, visual experimentation, and why the unusual concept might still be worth testing. This presentation leans into the prototype vision, visual experimentation, and why the unusual concept might still be worth testing. This presentation leans into the prototype vision, visual experimentation, and why the unusual concept might still be worth testing. This presentation leans into the prototype vision, visual experimentation, and why the unusual concept might still be worth testing.",184,0.8,0.738
43aa6d7f-dea9-456e-8176-65e258fc89af,1,Nina,"Our solution addresses the challenges of remote learning for neurodiverse students by prioritizing simplicity and flexibility. The centerpiece of our design is a customizable dashboard, allowing users to adjust features to fit their needs. Through research on cognitive load and user testing, we learned that small tweaks like color-coded progress tracking can significantly improve focus. While we initially aimed for a feature-rich tool, feedback guided us toward a more streamlined approach. This shift not only made the interface easier to navigate but also aligned with our goal to reduce overwhelm for users. This presentation leans into the prototype vision, visual experimentation, and why the unusual concept might still be worth testing. This presentation leans into the prototype vision, visual experimentation, and why the unusual concept might still be worth testing. This presentation leans into the prototype vision, visual experimentation, and why the unusual concept might still be worth testing. This presentation leans into the prototype vision, visual experimentation, and why the unusual concept might still be worth testing.",168,0.75,0.613
537ace23-b8fb-4f12-af05-02d46e9c5876,2,Finn,"Our project explores how digital tools can restore creativity in remote work settings. We designed an app focused on real-time brainstorming through visual collaboration. It features an interactive canvas, customizable themes, and structured templates for idea-sharing. Feedback from testers helped refine our prototype, especially around usability for new users. Going forward, we’d emphasize early and diverse testing to ensure inclusivity and functionality. This process highlighted the trade-off between creativity and simplicity, guiding us to a stronger, more focused design. This presentation leans into the prototype vision, visual experimentation, and why the unusual concept might still be worth testing. This presentation leans into the prototype vision, visual experimentation, and why the unusual concept might still be worth testing. This presentation leans into the prototype vision, visual experimentation, and why the unusual concept might still be worth testing. This presentation leans into the prototype vision, visual experimentation, and why the unusual concept might still be worth testing. This presentation leans into the prototype vision, visual experimentation, and why the unusual concept might still be worth testing.",174,0.75,0.655
c51c11cf-228c-4f79-a691-0830db054ac5,1,Grace,"Our project addresses the challenge of reducing urban waste through climate-smart packaging. After reviewing existing studies and stakeholder insights, we focused on cornstarch bioplastics as a practical solution. While these materials are eco-friendly, they present challenges in cost and durability. To validate our ideas, we propose a pilot program with select retailers. Through this process, we learned the value of detailed planning and stakeholder feedback, which shaped our final recommendations for scalable implementation. Our presentation focuses on clarity, smooth delivery, and audience understanding more than deep analytical detail. Our presentation focuses on clarity, smooth delivery, and audience understanding more than deep analytical detail. Our presentation focuses on clarity, smooth delivery, and audience understanding more than deep analytical detail. Our presentation focuses on clarity, smooth delivery, and audience understanding more than deep analytical detail. Our presentation focuses on clarity, smooth delivery, and audience understanding more than deep analytical detail. Our presentation focuses on clarity, smooth delivery, and audience understanding more than deep analytical detail. Our presentation focuses on clarity, smooth delivery, and audience understanding more than deep analytical detail. Our presentation focuses on clarity, smooth delivery, and audience understanding more than deep analytical detail. Our presentation focuses on clarity, smooth delivery, and audience understanding more than deep analytical detail.",208,0.98,0.613
a11fc2df-d8c9-4a4b-8323-49e2ccb33ee9,2,Leo,"Our project addresses accessibility challenges for visually impaired individuals navigating public transport. Through stakeholder analysis, we identified key barriers: inconsistent tactile paving, limited audio guidance, and the need for adaptable technological solutions. Our prototype, a modular navigation app, integrates real-time guidance and user-friendly design elements to empower visually impaired users. Testing highlighted trade-offs: while innovative features enhanced usability, simplification remains an ongoing focus. Engaging stakeholders early and iterating through feedback were crucial to refining our approach. Our presentation focuses on clarity, smooth delivery, and audience understanding more than deep analytical detail. Our presentation focuses on clarity, smooth delivery, and audience understanding more than deep analytical detail. Our presentation focuses on clarity, smooth delivery, and audience understanding more than deep analytical detail. Our presentation focuses on clarity, smooth delivery, and audience understanding more than deep analytical detail. Our presentation focuses on clarity, smooth delivery, and audience understanding more than deep analytical detail. Our presentation focuses on clarity, smooth delivery, and audience understanding more than deep analytical detail. Our presentation focuses on clarity, smooth delivery, and audience understanding more than deep analytical detail.",181,0.9,0.613
a799997d-d6c5-443c-b8e2-ef699b2cf97c,1,Maya,"Our project addresses the growing challenge of plastic waste by designing an app that empowers individuals to reduce their consumption. Through features like a personal dashboard, gamified habits, and community challenges, the app motivates users to make measurable, eco-friendly changes. Early testing highlighted the importance of simplicity in our design, leading to more intuitive navigation and user engagement. We hope this solution can inspire collective action against single-use plastics. Our presentation focuses on clarity, smooth delivery, and audience understanding more than deep analytical detail. Our presentation focuses on clarity, smooth delivery, and audience understanding more than deep analytical detail. Our presentation focuses on clarity, smooth delivery, and audience understanding more than deep analytical detail. Our presentation focuses on clarity, smooth delivery, and audience understanding more than deep analytical detail. Our presentation focuses on clarity, smooth delivery, and audience understanding more than deep analytical detail. Our presentation focuses on clarity, smooth delivery, and audience understanding more than deep analytical detail. Our presentation focuses on clarity, smooth delivery, and audience understanding more than deep analytical detail. Our presentation focuses on clarity, smooth delivery, and audience understanding more than deep analytical detail. Our presentation focuses on clarity, smooth delivery, and audience understanding more than deep analytical detail.",204,0.98,0.613
c2f464b5-43f2-4f64-ae69-aa49da1aeab8,1,Omar,"Our project addresses the challenge of data-driven decision-making within constrained environments. The solution combines a streamlined interface with automated prioritization algorithms, providing users with actionable insights while minimizing cognitive load. The design focuses on accessibility and adaptability, ensuring both novice and expert users can benefit. Testing revealed critical lessons, particularly the need to incorporate feedback early and iteratively refine prototypes. This approach allowed us to balance functionality and user-centric design effectively, resulting in a scalable and intuitive tool. Our presentation focuses on clarity, smooth delivery, and audience understanding more than deep analytical detail. Our presentation focuses on clarity, smooth delivery, and audience understanding more than deep analytical detail. Our presentation focuses on clarity, smooth delivery, and audience understanding more than deep analytical detail. Our presentation focuses on clarity, smooth delivery, and audience understanding more than deep analytical detail. Our presentation focuses on clarity, smooth delivery, and audience understanding more than deep analytical detail. Our presentation focuses on clarity, smooth delivery, and audience understanding more than deep analytical detail. Our presentation focuses on clarity, smooth delivery, and audience understanding more than deep analytical detail. Our presentation focuses on clarity, smooth delivery, and audience understanding more than deep analytical detail.",198,0.95,0.53
9c7ff602-7849-46c4-a931-d6bd8e3cc512,1,Clara,"Our project explored dynamic resource optimization for energy systems, focusing on balancing environmental and economic factors. Initial reviews identified adaptive algorithms and localization methods as promising approaches, though limited by specific contexts. Our solution design proposed dynamic allocation models, emphasizing flexibility but flagged integration issues during testing. Key lessons include managing scope effectively and prioritizing simplicity in workflows. Ultimately, this process helped us identify trade-offs and refine our decision-making. Future iterations would benefit from tighter focus and enhanced scalability strategies. Our presentation focuses on clarity, smooth delivery, and audience understanding more than deep analytical detail. Our presentation focuses on clarity, smooth delivery, and audience understanding more than deep analytical detail. Our presentation focuses on clarity, smooth delivery, and audience understanding more than deep analytical detail. Our presentation focuses on clarity, smooth delivery, and audience understanding more than deep analytical detail. Our presentation focuses on clarity, smooth delivery, and audience understanding more than deep analytical detail. Our presentation focuses on clarity, smooth delivery, and audience understanding more than deep analytical detail. Our presentation focuses on clarity, smooth delivery, and audience understanding more than deep analytical detail. Our presentation focuses on clarity, smooth delivery, and audience understanding more than deep analytical detail.",200,0.98,0.488
88ec5761-acf9-4685-ad86-5029b27c7357,2,Felix,"Good afternoon, everyone. Today, we'll present our project focused on improving accessibility in public spaces through innovative design. Our prototype is a modular ramp system designed for versatility and ease of use. During our pilot testing, we received valuable feedback, which led to refinements such as a more stable locking mechanism and a clearer setup guide. We'll also share insights into the challenges we faced balancing portability and stability. This experience has taught us how essential user-centered design is in achieving meaningful solutions. Our presentation focuses on clarity, smooth delivery, and audience understanding more than deep analytical detail. Our presentation focuses on clarity, smooth delivery, and audience understanding more than deep analytical detail. Our presentation focuses on clarity, smooth delivery, and audience understanding more than deep analytical detail. Our presentation focuses on clarity, smooth delivery, and audience understanding more than deep analytical detail. Our presentation focuses on clarity, smooth delivery, and audience understanding more than deep analytical detail. Our presentation focuses on clarity, smooth delivery, and audience understanding more than deep analytical detail. Our presentation focuses on clarity, smooth delivery, and audience understanding more than deep analytical detail. Our presentation focuses on clarity, smooth delivery, and audience understanding more than deep analytical detail.",203,0.98,0.572
f8b7a6d4-8c61-40a9-908d-fe90461ab091,1,Emma,"Our prototype leverages modular sensor architecture to tackle scalability challenges in smart environment systems. By focusing on adaptability and open APIs, the design ensures interoperability across platforms, making it both cost-efficient and expandable. While functionality testing revealed areas for refinement, such as real-time data synchronization, initial results show promising potential, especially in urban applications. The dashboard visualization integrates user-friendly metrics to optimize decision-making, presenting a clear pathway for future enhancements and stakeholder engagement. Our presentation focuses on clarity, smooth delivery, and audience understanding more than deep analytical detail. Our presentation focuses on clarity, smooth delivery, and audience understanding more than deep analytical detail. Our presentation focuses on clarity, smooth delivery, and audience understanding more than deep analytical detail. Our presentation focuses on clarity, smooth delivery, and audience understanding more than deep analytical detail. Our presentation focuses on clarity, smooth delivery, and audience understanding more than deep analytical detail. Our presentation focuses on clarity, smooth delivery, and audience understanding more than deep analytical detail. Our presentation focuses on clarity, smooth delivery, and audience understanding more than deep analytical detail. Our presentation focuses on clarity, smooth delivery, and audience understanding more than deep analytical detail. Our presentation focuses on clarity, smooth delivery, and audience understanding more than deep analytical detail.",208,0.98,0.572
46d3a31b-11ad-493e-838b-9777a3b52df4,2,Hugo,"Our project tackles accessibility in public transportation by addressing the needs of individuals with mobility challenges. We focused on designing a modular ramp system that is both adaptable and user-friendly. Through iterative prototyping, we incorporated features like telescoping adjustments and anti-slip surfaces, ensuring practical usability. User feedback was a pivotal component, revealing critical insights like the importance of intuitive design for older demographics. While our final prototype isn’t flawless, it demonstrates a strong foundation for future refinement. This experience underscored the value of blending user-centered innovation with cost-effective engineering, a lesson we’ll carry forward. Our presentation focuses on clarity, smooth delivery, and audience understanding more than deep analytical detail. Our presentation focuses on clarity, smooth delivery, and audience understanding more than deep analytical detail. Our presentation focuses on clarity, smooth delivery, and audience understanding more than deep analytical detail. Our presentation focuses on clarity, smooth delivery, and audience understanding more than deep analytical detail. Our presentation focuses on clarity, smooth delivery, and audience understanding more than deep analytical detail. Our presentation focuses on clarity, smooth delivery, and audience understanding more than deep analytical detail. Our presentation focuses on clarity, smooth delivery, and audience understanding more than deep analytical detail.",199,0.98,0.447
c15deb4b-bb32-4805-8ef5-7f974d7ced02,1,Ben,"Our project addresses the problem of student task management by designing a tool that combines a calendar, habit tracker, and progress reminders. Initially, we struggled to narrow the problem, but through research and feedback, we focused on features that directly address common pain points. The prototype includes a color-coded task manager and a habit tracker with rewards to keep users motivated. While testing, we learned that users appreciated the simplicity but also suggested more customization options for reminders. Overall, this project highlighted the importance of iterative design and clear problem definition. This presentation shows a developing level of understanding, with clearer structure than before but still some rough edges. This presentation shows a developing level of understanding, with clearer structure than before but still some rough edges. This presentation shows a developing level of understanding, with clearer structure than before but still some rough edges. This presentation shows a developing level of understanding, with clearer structure than before but still some rough edges.",163,0.7,0.53
73b33206-c36a-415f-a77d-e00b8aa0c9a1,2,Lucy,"Our project focuses on designing a low-cost filtration prototype for clean water access. Using a layered system with mesh screens, sand, and charcoal, the prototype aims to remove debris and bacteria effectively. This design prioritizes affordability and simplicity to meet the needs of low-resource communities. Challenges include ensuring maintenance and educating users on proper use. Future iterations might explore alternative materials to improve durability. Stakeholder feedback will be critical to refine this approach. This presentation shows a developing level of understanding, with clearer structure than before but still some rough edges. This presentation shows a developing level of understanding, with clearer structure than before but still some rough edges. This presentation shows a developing level of understanding, with clearer structure than before but still some rough edges. This presentation shows a developing level of understanding, with clearer structure than before but still some rough edges.",145,0.55,0.447
ba77d9ad-aff4-4116-bf6c-94871d25eab0,1,Mia,"Our project focused on improving rural healthcare access through telemedicine. We explored barriers like lack of internet and patient education, then proposed a mobile clinic equipped with satellite internet. Testing showed potential but also revealed practical challenges, like cost and implementation logistics. Lessons learned include refining ideas early and balancing creativity with feasibility. This presentation shows a developing level of understanding, with clearer structure than before but still some rough edges. This presentation shows a developing level of understanding, with clearer structure than before but still some rough edges. This presentation shows a developing level of understanding, with clearer structure than before but still some rough edges. This presentation shows a developing level of understanding, with clearer structure than before but still some rough edges. This presentation shows a developing level of understanding, with clearer structure than before but still some rough edges. This presentation shows a developing level of understanding, with clearer structure than before but still some rough edges.",161,0.6,0.405
3efe451d-f82a-4002-a488-98e994f45fb5,2,Jack,"Our project addresses the challenge of making public transport updates more accessible and reliable. Initially, our problem definition focused on understanding why current apps fail to engage users. Our design thinking process emphasized simplicity, resulting in an interface with intuitive icons and live updates. Feedback showed that while functional, the design felt too plain, prompting us to consider adding animations and sound alerts. Overall, we learned that balancing usability with visual appeal is crucial for user satisfaction. This presentation shows a developing level of understanding, with clearer structure than before but still some rough edges. This presentation shows a developing level of understanding, with clearer structure than before but still some rough edges. This presentation shows a developing level of understanding, with clearer structure than before but still some rough edges. This presentation shows a developing level of understanding, with clearer structure than before but still some rough edges.",149,0.5,0.405
23851fe5-5033-457b-8123-63db5fdbba29,1,Ella,"For this project, we focused on providing a low-cost solution for water purification in low-income communities. Our research highlighted the benefits of using activated charcoal filters, which are effective for removing contaminants like heavy metals. We designed a prototype that uses simple materials such as charcoal, mesh, and containers, ensuring affordability and accessibility. While the design shows promise, testing revealed limitations in removing certain bacteria, which would need further exploration. In reflecting on this process, I learned about the importance of balancing cost with usability and the need for thorough testing to validate solutions. This presentation shows a developing level of understanding, with clearer structure than before but still some rough edges. This presentation shows a developing level of understanding, with clearer structure than before but still some rough edges. This presentation shows a developing level of understanding, with clearer structure than before but still some rough edges. This presentation shows a developing level of understanding, with clearer structure than before but still some rough edges.",166,0.6,0.572
68e91595-b6bb-41f2-a06a-f4b11c758054,2,Adam,"Our project focuses on improving access to clean drinking water in rural communities. The prototype we developed is a modular water filter designed for ease of use and repair. Early testing will target a small group to gather feedback on usability, including setup time and maintenance. One key feature is its lightweight materials, which balance durability with affordability. Challenges we’re addressing include resistance to new systems and durability in extreme conditions. By refining our design based on real-world testing, we hope to make this solution scalable and impactful. This presentation shows a developing level of understanding, with clearer structure than before but still some rough edges. This presentation shows a developing level of understanding, with clearer structure than before but still some rough edges. This presentation shows a developing level of understanding, with clearer structure than before but still some rough edges. This presentation shows a developing level of understanding, with clearer structure than before but still some rough edges.",160,0.65,0.53
8d64fdad-1f4a-4124-8d54-9674c78a1c75,1,Lily,"Our project addresses communication gaps in remote teams by designing a tool that integrates task tracking with decision documentation. The app provides a streamlined way to tag updates and create threads tied to specific project goals, reducing miscommunication. By enabling better alignment, it could save time and clarify roles. One challenge we faced was balancing simplicity with functionality. In the end, our iterative approach helped us refine the design effectively. This presentation shows a developing level of understanding, with clearer structure than before but still some rough edges. This presentation shows a developing level of understanding, with clearer structure than before but still some rough edges. This presentation shows a developing level of understanding, with clearer structure than before but still some rough edges. This presentation shows a developing level of understanding, with clearer structure than before but still some rough edges. This presentation shows a developing level of understanding, with clearer structure than before but still some rough edges.",160,0.55,0.447
77e28932-6c0c-48e8-bc02-f941ec244300,2,Cole,"Our project aimed to improve accessibility in online learning platforms. The main focus was creating a dashboard that could address visual impairments through better color contrast, text size options, and voice navigation features. Early testing revealed gaps in usability, particularly around customization, which informed iterative improvements. In the end, we learned the importance of balancing simplicity while meeting diverse user needs. This presentation shows a developing level of understanding, with clearer structure than before but still some rough edges. This presentation shows a developing level of understanding, with clearer structure than before but still some rough edges. This presentation shows a developing level of understanding, with clearer structure than before but still some rough edges. This presentation shows a developing level of understanding, with clearer structure than before but still some rough edges. This presentation shows a developing level of understanding, with clearer structure than before but still some rough edges.",151,0.5,0.405
170fbe0f-5384-4c6e-a7f6-d22f252e1ad9,1,Alice,"Our project addresses inefficiencies in asynchronous teamwork by designing an integrated tool that enables seamless collaboration. Through stakeholder analysis and user testing, we identified key pain points such as delayed decision-making and misaligned expectations. Our solution incorporates features like real-time annotations, shared task tracking, and customizable modules, ensuring both flexibility and usability. Testing revealed strong user adoption, with 80% finding the interface intuitive. Accessibility remains a challenge, but we’ve integrated improvements like high-contrast mode and screen reader compatibility. This iterative process highlights the importance of user feedback in driving meaningful innovation. We’re excited about this tool’s potential to transform distributed team workflows. Our presentation aims to be academically strong, well-structured, and explicit about evidence, design choices, limitations, and lessons learned. Our presentation aims to be academically strong, well-structured, and explicit about evidence, design choices, limitations, and lessons learned. Our presentation aims to be academically strong, well-structured, and explicit about evidence, design choices, limitations, and lessons learned. Our presentation aims to be academically strong, well-structured, and explicit about evidence, design choices, limitations, and lessons learned. Our presentation aims to be academically strong, well-structured, and explicit about evidence, design choices, limitations, and lessons learned. Our presentation aims to be academically strong, well-structured, and explicit about evidence, design choices, limitations, and lessons learned. Our presentation aims to be academically strong, well-structured, and explicit about evidence, design choices, limitations, and lessons learned. Our presentation aims to be academically strong, well-structured, and explicit about evidence, design choices, limitations, and lessons learned. Our presentation aims to be academically strong, well-structured, and explicit about evidence, design choices, limitations, and lessons learned. Our presentation aims to be academically strong, well-structured, and explicit about evidence, design choices, limitations, and lessons learned.",282,0.98,0.947
62dd5afc-fd3b-411a-be65-7c6eb35ed10b,1,Daniel,"Good afternoon. Our project addresses the challenge of increasing urban recycling rates through a combination of education, gamification, and user-centered design. After analyzing data from 300 survey respondents and consulting stakeholders, we identified key barriers, such as lack of awareness and inconsistent incentives. In response, we developed a gamified mobile app prototype. Users earn points for recycling activities, which can be redeemed for local rewards. The app also allows for personalized notifications and tracks individual progress. Testing showed promising engagement rates, though some users desired greater customization. In conclusion, integrating behavioral insights with scalable technology offers a viable pathway to improving urban waste management outcomes. Our presentation aims to be academically strong, well-structured, and explicit about evidence, design choices, limitations, and lessons learned. Our presentation aims to be academically strong, well-structured, and explicit about evidence, design choices, limitations, and lessons learned. Our presentation aims to be academically strong, well-structured, and explicit about evidence, design choices, limitations, and lessons learned. Our presentation aims to be academically strong, well-structured, and explicit about evidence, design choices, limitations, and lessons learned. Our presentation aims to be academically strong, well-structured, and explicit about evidence, design choices, limitations, and lessons learned. Our presentation aims to be academically strong, well-structured, and explicit about evidence, design choices, limitations, and lessons learned. Our presentation aims to be academically strong, well-structured, and explicit about evidence, design choices, limitations, and lessons learned. Our presentation aims to be academically strong, well-structured, and explicit about evidence, design choices, limitations, and lessons learned. Our presentation aims to be academically strong, well-structured, and explicit about evidence, design choices, limitations, and lessons learned. Our presentation aims to be academically strong, well-structured, and explicit about evidence, design choices, limitations, and lessons learned.",285,0.95,0.947
7bcf77b5-88f7-4a6a-aff4-7e068a94cbd9,1,Sarah,"Our modular toolkit project exemplifies adaptability and scalability in addressing diverse environmental challenges. The toolkit uses adjustable parameters to enhance flexibility, ensuring usability across varied scenarios. Testing revealed initial weaknesses under high-stress conditions, prompting refinements that improved robustness. Stakeholder feedback emphasized usability and accessibility, leading to interface simplifications and onboarding resources. The iterative design process highlighted the value of collaboration in achieving an effective solution. This presentation will unpack the design evolution, testing outcomes, and key lessons learned. Our presentation aims to be academically strong, well-structured, and explicit about evidence, design choices, limitations, and lessons learned. Our presentation aims to be academically strong, well-structured, and explicit about evidence, design choices, limitations, and lessons learned. Our presentation aims to be academically strong, well-structured, and explicit about evidence, design choices, limitations, and lessons learned. Our presentation aims to be academically strong, well-structured, and explicit about evidence, design choices, limitations, and lessons learned. Our presentation aims to be academically strong, well-structured, and explicit about evidence, design choices, limitations, and lessons learned. Our presentation aims to be academically strong, well-structured, and explicit about evidence, design choices, limitations, and lessons learned. Our presentation aims to be academically strong, well-structured, and explicit about evidence, design choices, limitations, and lessons learned. Our presentation aims to be academically strong, well-structured, and explicit about evidence, design choices, limitations, and lessons learned. Our presentation aims to be academically strong, well-structured, and explicit about evidence, design choices, limitations, and lessons learned. Our presentation aims to be academically strong, well-structured, and explicit about evidence, design choices, limitations, and lessons learned. Our presentation aims to be academically strong, well-structured, and explicit about evidence, design choices, limitations, and lessons learned. Our presentation aims to be academically strong, well-structured, and explicit about evidence, design choices, limitations, and lessons learned.",294,0.98,0.947
017c5b69-7cc7-49a6-90d1-258ba2d780c9,2,Henry,"Our project explored modular battery systems integrated with micro-grid infrastructure to address urban energy inefficiencies. The prototype leverages real-time monitoring and adaptive redistribution algorithms to reduce peak loads while improving scalability. Initial feedback highlighted strengths in energy conservation but identified accessibility gaps in the user interface. Future iterations will focus on optimizing app design and broadening stakeholder engagement. Our presentation aims to be academically strong, well-structured, and explicit about evidence, design choices, limitations, and lessons learned. Our presentation aims to be academically strong, well-structured, and explicit about evidence, design choices, limitations, and lessons learned. Our presentation aims to be academically strong, well-structured, and explicit about evidence, design choices, limitations, and lessons learned. Our presentation aims to be academically strong, well-structured, and explicit about evidence, design choices, limitations, and lessons learned. Our presentation aims to be academically strong, well-structured, and explicit about evidence, design choices, limitations, and lessons learned. Our presentation aims to be academically strong, well-structured, and explicit about evidence, design choices, limitations, and lessons learned. Our presentation aims to be academically strong, well-structured, and explicit about evidence, design choices, limitations, and lessons learned. Our presentation aims to be academically strong, well-structured, and explicit about evidence, design choices, limitations, and lessons learned. Our presentation aims to be academically strong, well-structured, and explicit about evidence, design choices, limitations, and lessons learned. Our presentation aims to be academically strong, well-structured, and explicit about evidence, design choices, limitations, and lessons learned. Our presentation aims to be academically strong, well-structured, and explicit about evidence, design choices, limitations, and lessons learned. Our presentation aims to be academically strong, well-structured, and explicit about evidence, design choices, limitations, and lessons learned. Our presentation aims to be academically strong, well-structured, and explicit about evidence, design choices, limitations, and lessons learned.",292,0.98,0.863
696fc3d6-15f4-4f3b-b513-0906658a8d33,1,Olivia,"Good afternoon, everyone. Today, we’re presenting our project on urban energy efficiency. The problem we tackled lies in the inefficiencies of integrating renewable energy into existing urban grids. We began by defining the scope, focusing on mid-sized cities with legacy systems. Our literature review revealed key barriers, including scalability and policy gaps. To address these, we designed a cloud-based energy monitoring system featuring real-time analytics and modular APIs. Testing identified usability and performance bottlenecks, leading to iterative refinements. In conclusion, this project highlights the importance of user-centered design and the potential impact of scalable solutions for urban sustainability. Our presentation aims to be academically strong, well-structured, and explicit about evidence, design choices, limitations, and lessons learned. Our presentation aims to be academically strong, well-structured, and explicit about evidence, design choices, limitations, and lessons learned. Our presentation aims to be academically strong, well-structured, and explicit about evidence, design choices, limitations, and lessons learned. Our presentation aims to be academically strong, well-structured, and explicit about evidence, design choices, limitations, and lessons learned. Our presentation aims to be academically strong, well-structured, and explicit about evidence, design choices, limitations, and lessons learned. Our presentation aims to be academically strong, well-structured, and explicit about evidence, design choices, limitations, and lessons learned. Our presentation aims to be academically strong, well-structured, and explicit about evidence, design choices, limitations, and lessons learned. Our presentation aims to be academically strong, well-structured, and explicit about evidence, design choices, limitations, and lessons learned. Our presentation aims to be academically strong, well-structured, and explicit about evidence, design choices, limitations, and lessons learned. Our presentation aims to be academically strong, well-structured, and explicit about evidence, design choices, limitations, and lessons learned. Our presentation aims to be academically strong, well-structured, and explicit about evidence, design choices, limitations, and lessons learned.",296,0.95,0.947
b351ec59-9106-47ef-9870-5745497e796a,2,Nathan,"Our community engagement app addresses urban neighborhoods by fostering local participation through technology. The app features tailored dashboards, interactive maps, and gamification mechanics. Initial feedback suggests the design supports usability, though onboarding challenges persist. Future versions must prioritize simplicity while retaining functionality. This reflects the balance between innovation and accessibility that defines impactful community-driven design. Our presentation aims to be academically strong, well-structured, and explicit about evidence, design choices, limitations, and lessons learned. Our presentation aims to be academically strong, well-structured, and explicit about evidence, design choices, limitations, and lessons learned. Our presentation aims to be academically strong, well-structured, and explicit about evidence, design choices, limitations, and lessons learned. Our presentation aims to be academically strong, well-structured, and explicit about evidence, design choices, limitations, and lessons learned. Our presentation aims to be academically strong, well-structured, and explicit about evidence, design choices, limitations, and lessons learned. Our presentation aims to be academically strong, well-structured, and explicit about evidence, design choices, limitations, and lessons learned. Our presentation aims to be academically strong, well-structured, and explicit about evidence, design choices, limitations, and lessons learned. Our presentation aims to be academically strong, well-structured, and explicit about evidence, design choices, limitations, and lessons learned. Our presentation aims to be academically strong, well-structured, and explicit about evidence, design choices, limitations, and lessons learned. Our presentation aims to be academically strong, well-structured, and explicit about evidence, design choices, limitations, and lessons learned. Our presentation aims to be academically strong, well-structured, and explicit about evidence, design choices, limitations, and lessons learned. Our presentation aims to be academically strong, well-structured, and explicit about evidence, design choices, limitations, and lessons learned. Our presentation aims to be academically strong, well-structured, and explicit about evidence, design choices, limitations, and lessons learned.",289,0.98,0.947
3938acef-2cd7-4c14-bf03-3bad8562f8af,1,Amelia,"Good morning, everyone. Today we’re presenting our solution for mitigating urban heat islands while prioritizing affordability and community impact. Our modular shading system adapts dynamically to environmental conditions, optimizing cooling in public spaces. These modules are constructed from recycled materials, balancing sustainability with cost-efficiency. During testing, we observed an 8-10% temperature reduction in shaded areas, though deployment costs remain a challenge we’ve addressed in our recommendations. Our approach integrates real-time sensor data with community needs, ensuring both technical and social feasibility. We believe this solution demonstrates how innovative design can address pressing urban challenges. Our presentation aims to be academically strong, well-structured, and explicit about evidence, design choices, limitations, and lessons learned. Our presentation aims to be academically strong, well-structured, and explicit about evidence, design choices, limitations, and lessons learned. Our presentation aims to be academically strong, well-structured, and explicit about evidence, design choices, limitations, and lessons learned. Our presentation aims to be academically strong, well-structured, and explicit about evidence, design choices, limitations, and lessons learned. Our presentation aims to be academically strong, well-structured, and explicit about evidence, design choices, limitations, and lessons learned. Our presentation aims to be academically strong, well-structured, and explicit about evidence, design choices, limitations, and lessons learned. Our presentation aims to be academically strong, well-structured, and explicit about evidence, design choices, limitations, and lessons learned. Our presentation aims to be academically strong, well-structured, and explicit about evidence, design choices, limitations, and lessons learned. Our presentation aims to be academically strong, well-structured, and explicit about evidence, design choices, limitations, and lessons learned. Our presentation aims to be academically strong, well-structured, and explicit about evidence, design choices, limitations, and lessons learned. Our presentation aims to be academically strong, well-structured, and explicit about evidence, design choices, limitations, and lessons learned.",292,0.95,0.863
ee4210ad-99c7-4d7a-b446-3ed9eb748d30,1,Samuel,"Our project tackled inefficiencies in resource allocation systems, aiming to improve scalability and accessibility. Through mixed-method research, we identified critical gaps, especially in underserved regions where systemic bottlenecks persist. The modular solution design adapts to diverse contexts while maintaining operational stability. Testing revealed excellent performance benchmarks, although stress stability requires further refinement. This work highlights the importance of balancing innovation with practicality. Moving forward, refining infrastructure for broader accessibility remains a priority, ensuring efficient, scalable solutions that drive equitable outcomes. Our presentation aims to be academically strong, well-structured, and explicit about evidence, design choices, limitations, and lessons learned. Our presentation aims to be academically strong, well-structured, and explicit about evidence, design choices, limitations, and lessons learned. Our presentation aims to be academically strong, well-structured, and explicit about evidence, design choices, limitations, and lessons learned. Our presentation aims to be academically strong, well-structured, and explicit about evidence, design choices, limitations, and lessons learned. Our presentation aims to be academically strong, well-structured, and explicit about evidence, design choices, limitations, and lessons learned. Our presentation aims to be academically strong, well-structured, and explicit about evidence, design choices, limitations, and lessons learned. Our presentation aims to be academically strong, well-structured, and explicit about evidence, design choices, limitations, and lessons learned. Our presentation aims to be academically strong, well-structured, and explicit about evidence, design choices, limitations, and lessons learned. Our presentation aims to be academically strong, well-structured, and explicit about evidence, design choices, limitations, and lessons learned. Our presentation aims to be academically strong, well-structured, and explicit about evidence, design choices, limitations, and lessons learned. Our presentation aims to be academically strong, well-structured, and explicit about evidence, design choices, limitations, and lessons learned. Our presentation aims to be academically strong, well-structured, and explicit about evidence, design choices, limitations, and lessons learned.",296,0.98,0.905
582bb3f4-eff1-4daf-acab-37e97328f439,1,Quinn,"Our project addresses inefficiencies in urban waste management by leveraging IoT-enabled smart sensors and dynamic route optimization. The prototype includes a functional dashboard and simulated data, demonstrating an 18% reduction in fuel consumption during testing. While results are promising, challenges such as initial costs and implementation logistics remain. Moving forward, refining sensor accuracy and field-testing in real environments will be critical. This solution has the potential to significantly improve waste collection systems, making them both cost-effective and environmentally sustainable. This presentation communicates the individual technical contributions clearly but does not reflect coordinated team work. This presentation communicates the individual technical contributions clearly but does not reflect coordinated team work. This presentation communicates the individual technical contributions clearly but does not reflect coordinated team work. This presentation communicates the individual technical contributions clearly but does not reflect coordinated team work. This presentation communicates the individual technical contributions clearly but does not reflect coordinated team work.",154,0.6,0.947
714e57ae-6b2a-41f0-a333-ac11d00337a1,2,Dylan,"Our project addresses urban water waste by integrating IoT technology and gamification. The solution includes a sensor retrofit for existing water meters and a mobile app. Users can track daily consumption trends, earn rewards for conservation milestones, and compare usage within their community. Early testing showed promise, though usability refinements are needed. This approach balances technology and user engagement to drive meaningful behavior changes. This presentation communicates the individual technical contributions clearly but does not reflect coordinated team work. This presentation communicates the individual technical contributions clearly but does not reflect coordinated team work. This presentation communicates the individual technical contributions clearly but does not reflect coordinated team work. This presentation communicates the individual technical contributions clearly but does not reflect coordinated team work. This presentation communicates the individual technical contributions clearly but does not reflect coordinated team work. This presentation communicates the individual technical contributions clearly but does not reflect coordinated team work.",154,0.5,0.947
fc1005b6-0b7f-465a-841c-32d94e89288f,1,Piper,"The modular system we developed addresses scalability issues in distributed data processing. It uses three interconnected layers to enhance efficiency during high-load scenarios. Initial testing demonstrated a 15% improvement, though integration challenges revealed areas for further refinement. This presentation will outline core design choices, testing results, and trade-offs encountered during development. A key takeaway is the importance of balancing modularity with implementation simplicity. Future iterations will focus on minimizing API inconsistencies while maintaining adaptability, ensuring better integration without compromising scalability. This presentation communicates the individual technical contributions clearly but does not reflect coordinated team work. This presentation communicates the individual technical contributions clearly but does not reflect coordinated team work. This presentation communicates the individual technical contributions clearly but does not reflect coordinated team work. This presentation communicates the individual technical contributions clearly but does not reflect coordinated team work. This presentation communicates the individual technical contributions clearly but does not reflect coordinated team work.",155,0.65,0.905
7d6daa18-171f-47f2-950a-0a54ca2cbdc4,2,Rowan,"The prototype centers around a decision-support dashboard designed to enhance transparency in AI-driven systems. It features interactive overlays that allow users to explore decision paths and understand contributing factors. While visual clarity was prioritized, the initial testing identified trade-offs in advanced functionality and customization. Future iterations will refine these aspects while maintaining accessibility as a core principle. This presentation communicates the individual technical contributions clearly but does not reflect coordinated team work. This presentation communicates the individual technical contributions clearly but does not reflect coordinated team work. This presentation communicates the individual technical contributions clearly but does not reflect coordinated team work. This presentation communicates the individual technical contributions clearly but does not reflect coordinated team work. This presentation communicates the individual technical contributions clearly but does not reflect coordinated team work. This presentation communicates the individual technical contributions clearly but does not reflect coordinated team work.",147,0.55,0.947
f2f75efb-e85c-4b55-8224-7ad794e085c0,1,Irene,"The proposed solution focuses on creating modular workflows for small teams, aiming to reduce inefficiency and human error. By designing adaptable task modules that allow dynamic switching, the architecture addresses the core problem of rigidity in existing systems. Prototype testing revealed critical insights: while adaptability improved error reduction, scalability required additional adjustments to the error-trapping mechanism. This highlights the trade-off between setup complexity and performance benefits. Moving forward, refining these modules and conducting broader scalability tests will be essential. This presentation communicates the individual technical contributions clearly but does not reflect coordinated team work. This presentation communicates the individual technical contributions clearly but does not reflect coordinated team work. This presentation communicates the individual technical contributions clearly but does not reflect coordinated team work. This presentation communicates the individual technical contributions clearly but does not reflect coordinated team work. This presentation communicates the individual technical contributions clearly but does not reflect coordinated team work.",154,0.5,0.905
218e9b0b-3278-4071-8f7b-bd0315714603,2,Logan,"Flood response is often hindered by outdated systems that fail under real-world pressures. Our team’s prototype integrates adaptive algorithms with cloud-based models to provide dynamic, localized recommendations. This system uses GIS and meteorological data to optimize emergency responses, prioritizing based on population density and infrastructure resilience. While testing revealed latency issues with high data loads, adjustments improved performance significantly. Future work will focus on addressing edge cases and real-world stress scenarios. This innovation opens pathways toward smarter disaster management. This presentation communicates the individual technical contributions clearly but does not reflect coordinated team work. This presentation communicates the individual technical contributions clearly but does not reflect coordinated team work. This presentation communicates the individual technical contributions clearly but does not reflect coordinated team work. This presentation communicates the individual technical contributions clearly but does not reflect coordinated team work. This presentation communicates the individual technical contributions clearly but does not reflect coordinated team work. This presentation communicates the individual technical contributions clearly but does not reflect coordinated team work.",169,0.65,0.947
00ca0176-b02a-42d7-8c26-9e0c3ad9b17c,1,Cora,"Our project aims to address inefficiencies in urban waste sorting by introducing a modular AI-based system. The solution focuses on tailoring algorithms for specific waste types, improving sorting accuracy, and reducing contamination. Initial tests of the prototype achieved 78% accuracy, with ongoing refinements targeting misclassification of complex materials. While promising, the system’s high costs present a barrier to scalability, suggesting the need for future work on affordable implementation strategies. Overall, this approach demonstrates how modularity and AI can contribute to more sustainable waste management systems. This presentation communicates the individual technical contributions clearly but does not reflect coordinated team work. This presentation communicates the individual technical contributions clearly but does not reflect coordinated team work. This presentation communicates the individual technical contributions clearly but does not reflect coordinated team work. This presentation communicates the individual technical contributions clearly but does not reflect coordinated team work. This presentation communicates the individual technical contributions clearly but does not reflect coordinated team work.",160,0.6,0.905
56a6a05b-dcd1-4cff-89db-ee5d7ce71a36,2,Miles,"Today, I’m presenting the prototype concept built to address accessibility gaps through modular design. The solution focuses on adjustable UI components tailored to user needs, such as customizable profiles and voice-command integration. Feedback loops played a pivotal role in refining the interface, revealing complexity issues that demanded simplification. While the project succeeded in improving inclusivity, challenges remain in streamlining navigation while retaining adaptability. Looking ahead, usability testing should be conducted earlier to mitigate delays and ensure smoother implementation. This presentation communicates the individual technical contributions clearly but does not reflect coordinated team work. This presentation communicates the individual technical contributions clearly but does not reflect coordinated team work. This presentation communicates the individual technical contributions clearly but does not reflect coordinated team work. This presentation communicates the individual technical contributions clearly but does not reflect coordinated team work. This presentation communicates the individual technical contributions clearly but does not reflect coordinated team work. This presentation communicates the individual technical contributions clearly but does not reflect coordinated team work.",168,0.65,0.947
